word,embedding,predCategory
complaint,"[ 0.062616 -0.60173  -0.67431   0.87347   0.1886    1.1076    0.20502
  0.48316   0.32292  -0.37977  -0.24198  -0.022846 -0.35329  -0.64825
  0.9643   -0.46012  -1.0898   -0.4807    0.7422   -0.51278   0.47969
  0.17251  -0.17426   0.052238 -0.65654  -1.9817    0.31577   0.19336
 -0.62681  -0.49755   1.7706   -0.88725  -0.4533   -0.66289  -0.47465
 -0.43573   0.59174  -0.88868   0.16638  -0.47646   0.44144   0.071847
 -0.078198  0.61172   0.10447  -0.18868  -0.50722   0.98654   0.41247
  0.096201]",SERVICE
cleanliness,"[-0.61833    0.37281   -0.66637   -0.63976   -0.12034   -0.82971
  0.97919   -0.91186    1.4908     0.0734     0.31334   -0.0072417
  0.27581   -0.74131   -0.4547     0.24948   -0.67328    0.73491
  0.93137   -0.83458   -0.077209   0.46112   -0.45921   -0.55493
  0.44028    0.03497   -0.54226    0.6479     0.95438    0.79668
  0.24816    1.3654    -0.024358  -0.93048    0.11609    0.5839
  0.47279    0.23096   -0.070408   0.56974   -0.23362   -0.73123
  0.26334    0.94712   -0.12072    0.13214   -0.1318     0.12601
  1.2348     0.1275   ]",AMBIENCE
season,"[-1.0386    0.5232   -0.73141   0.22199  -0.35843  -0.16097  -1.7882
  0.34459  -0.48096  -0.15844   0.2141    0.10096  -1.5051   -0.023355
  1.7033   -0.48881   0.03145  -0.16398  -2.2933    0.33231  -0.79011
 -0.8724    0.86738  -0.06443  -0.39736  -0.49269   0.091015  0.16807
  0.7277   -0.17243   3.0362    1.6277    0.23501  -0.10369   0.60074
  0.71933   0.44086   1.2389    0.15929  -1.2127   -1.2541   -0.7432
 -1.0108   -0.36778  -0.8631    0.79232   0.63128   0.18791  -0.024801
  0.42411 ]",RESTAURANT
meat,"[-0.090565 -1.2465   -1.3551   -0.68762   0.99372   0.87954  -0.37947
 -0.50077   1.4837   -0.15743   0.28809   0.14668   1.708     0.42588
  0.83376   0.58712   0.36133   0.2549   -0.28392  -0.51432   0.85912
 -1.0503    1.3135    0.438    -0.37467  -1.2348   -0.039021  0.92608
  1.0479   -0.52306   2.2526   -0.18499   0.059425  1.4299   -0.33945
  0.24862   0.032415  0.9657    0.62287  -0.061792  0.10781   0.17036
  0.44974   0.26617   1.6015    1.0875   -0.43432   0.50929  -0.23338
  0.34138 ]",FOOD
aspect,"[ 0.28606    0.308     -1.0474     0.35289    1.0461     0.55567
  0.7471    -0.63611    0.28981    0.55815   -0.0054861 -0.16657
 -0.13846    0.44818   -0.14625    0.069649   0.084924   0.1933
  0.4024     0.13932   -0.59182    0.28686   -0.68318    0.1453
  0.61758   -0.65456   -0.97071    0.54333    0.56191    0.034103
  2.4098    -0.066078   0.57642   -1.2077    -0.22532    0.3083
 -0.037667  -0.0080947 -0.82576   -0.29471   -0.115     -0.39039
 -0.26804    0.62931   -0.44721    0.032848   0.81126    1.0597
  0.077552   0.57513  ]",AMBIENCE
importance,"[ 2.4118e-01  9.9710e-01 -9.9928e-01 -6.3310e-02  9.6848e-01 -1.8693e-01
  3.7052e-01 -2.3204e-01  4.9492e-01 -1.5101e-01  3.4286e-01  3.8078e-01
 -8.0316e-02 -8.2574e-01 -5.5700e-01  3.9537e-01  2.9182e-01 -2.9567e-01
  7.9078e-01  3.3270e-02  8.3566e-02 -1.2279e-01 -2.9518e-01 -7.8872e-01
  1.0300e+00 -1.2660e+00 -6.8733e-01 -9.4984e-02  1.6546e-01  3.6657e-01
  2.7427e+00  8.4134e-01  1.7775e-01 -1.4742e+00 -3.2596e-01 -3.4394e-01
 -6.7030e-01  6.0584e-01 -1.0552e+00  4.5974e-01 -4.4632e-01 -6.1265e-01
 -2.5146e-03 -3.1067e-01 -1.6080e-01  4.4550e-01 -2.7711e-01  1.0094e+00
  5.3822e-02 -1.4353e-01]",AMBIENCE
bread,"[-0.37436  -0.11959  -0.87609  -1.1217    1.2788    0.48323  -0.53903
  0.053659 -0.23929  -0.12414  -0.42583  -0.27509   1.139    -0.014324
  0.47665  -0.083337  0.15226   0.25682   0.67657  -0.83238   0.88473
 -0.83593   1.0244    0.79069  -0.27765  -0.10789  -0.69624   0.66464
  1.7969    0.12674   2.2994    0.11488  -0.46407   2.3384   -0.50165
  0.38362  -0.90069   1.1488    1.1098    0.33288   1.0195    0.24056
 -0.77281  -0.18051   0.9214    0.97842  -0.23098  -0.10138  -0.51135
 -0.18633 ]",FOOD
leftovers,"[ 0.75504  -0.27798  -0.3313   -0.67224   0.52053  -0.42802  -0.17963
  0.38513  -0.068898  0.43689  -0.36517   0.14527   1.0704    0.96934
  1.1809    0.662    -0.15258   0.10507   0.59893   0.28772   0.7
 -0.30521   0.86866   0.318    -0.10312   0.31167  -0.37503   0.4075
  1.9075   -0.29439   0.48113   0.63461  -0.73011   0.68705   0.10577
  1.2996    0.031008  0.80117   0.47136   0.20198  -0.19738  -0.33352
 -0.16716   0.79785   0.15544   0.83969   0.040402  0.38941  -0.45774
 -0.050756]",FOOD
quality,"[-6.7847e-01  2.6807e-01 -4.1272e-01  9.3043e-02  1.3589e-01 -2.4328e-01
 -2.1818e-01 -6.7044e-01  1.2368e+00  8.2223e-01  6.3178e-01  3.7777e-01
  3.8513e-01 -3.1970e-01 -7.8817e-02  4.8336e-02  1.8997e-02  3.9138e-01
  6.6823e-01 -1.3361e+00  1.1882e-01  2.0497e-01  1.2313e-01 -4.7268e-01
  1.2567e-01 -7.0716e-01 -9.7148e-01  2.8098e-01  5.3140e-01  9.0444e-02
  3.5529e+00  3.9146e-01  6.0669e-01 -9.2181e-01  6.4680e-01  6.0054e-01
  5.1373e-03  9.0944e-01 -7.9307e-02 -5.6296e-01  1.1638e-02 -8.5385e-02
  4.3920e-01  2.0362e-01 -1.1492e-01  1.7322e-01  2.5656e-03  8.2189e-01
  2.5574e-01  4.1050e-01]",AMBIENCE
scholars,"[ 0.11697    0.57276   -0.40445   -1.0742     0.66476   -0.43327
 -0.33538   -0.43453   -0.82114    0.28092   -0.39459    0.21456
  0.54468   -0.094013   0.045648  -0.11785    0.69882   -0.81148
  0.16245    0.14751    0.29688    0.13872    0.34729    0.24785
  0.78728   -1.2788    -1.2783    -1.6457    -2.0484    -0.14253
  1.8666    -0.72633    0.0046483 -1.5467     0.14124   -0.74107
 -0.4491     0.37982   -0.70523    0.83501   -0.16196   -0.082686
  0.5005     1.2597     0.51475    0.23058   -0.20335    0.93047
 -1.0628    -0.95092  ]",SERVICE
kebab,"[-0.1842    -1.1576    -1.1818    -0.30028    0.99054   -0.045286
  0.65575   -0.24039    0.41239   -0.34839   -1.0613    -0.37066
  0.73642    0.78547   -0.1245     0.088727   0.40122    0.94508
  1.1849     0.20262    1.4112    -0.56229   -0.66848    1.4753
  0.49016    0.0069593  0.0055089  0.77365    0.33858   -1.1274
 -0.27718   -0.59287    0.67819    2.221     -0.34201    0.39289
  0.45743    0.29888   -0.56034    0.99812    0.55942    0.092168
  0.10938    0.02068    1.118      0.68727   -0.31396   -0.03044
  0.099666  -0.014958 ]",FOOD
concept,"[ 0.3957     0.21176   -0.54695   -0.22551    0.54094    0.61126
 -0.29022   -1.567     -0.19426    0.68623    0.53108    0.45252
 -0.76372    0.18545   -0.24271    0.35191    0.17559    0.68111
  0.20107   -0.41188    0.056294  -0.023389  -0.90901    0.27689
  0.68484   -0.95193   -1.4226     0.0061095  0.49919    0.18655
  2.617     -0.63693   -0.73067   -0.83643   -0.11143   -0.5053
 -0.0053983  0.14911   -0.89792    0.10545    0.052164  -0.96601
 -0.24091    0.20232   -0.36073    0.18541    0.42049    0.21895
  0.20163    0.33576  ]",AMBIENCE
glass,"[ 1.3121e-02  7.1226e-01 -2.2566e-01  1.2239e-01  7.2298e-01  5.5787e-01
 -6.4484e-03 -7.0540e-01 -3.2206e-01  1.2796e-01 -7.7531e-02  5.5125e-02
  3.8379e-02  9.5295e-01  4.3992e-02  4.5025e-01 -1.1435e-01 -1.2781e-03
 -3.2919e-01 -1.8721e+00  1.0702e+00 -1.1634e-01 -6.2644e-01 -6.1095e-01
 -4.1408e-01 -5.5053e-01 -7.0974e-01  1.4821e+00  5.3134e-01 -5.3206e-01
  2.1137e+00 -1.0961e+00  4.8239e-01 -1.6375e-01 -6.2490e-01  7.2829e-01
  5.1436e-01  8.4971e-01  1.0365e+00  7.4664e-02  1.0125e+00  4.7441e-01
  4.2126e-01 -4.9965e-02  5.3149e-01  1.2321e+00 -2.7239e-01 -1.4639e+00
 -3.3859e-01 -9.7446e-01]",AMBIENCE
seeds,"[-0.16045   0.19121   0.35837   0.93362   0.30436   0.2896   -0.19855
  0.15072   0.3174   -0.056201  0.31704  -0.066929  0.5996   -0.91823
  0.58831  -0.060384  0.28394  -0.42169   0.20603  -0.7172   -0.74849
 -1.7315    2.0889   -0.25945  -0.089872  0.20632  -0.065425 -0.42885
  0.76562  -0.62273   2.1491   -0.33744  -0.1984    0.22803   0.14721
  0.73463  -0.80698   1.5892    0.3841   -0.98977   0.37558  -1.2732
  0.21693  -0.51073   2.4452    0.95553   0.38127  -0.7265   -0.57696
 -0.68873 ]",FOOD
tazo,"[-0.2756   -0.46968  -0.21579   1.0607   -0.052355 -0.15139   0.41598
  0.044328  0.74555   1.4676   -0.76526   0.12285   0.58352  -0.94303
 -0.49362   0.065378 -0.15706   0.18185   1.1981   -0.18148   0.44718
  0.09764   0.50217  -0.27267   0.57061   0.94254   0.081268 -0.19655
 -0.049322 -0.066601 -1.2258   -0.14285  -0.23245   0.41535   0.47397
  0.053704 -0.15902   0.14365  -0.62153  -0.096063  0.11054  -0.63058
 -1.3368    0.45306   0.96062   0.4834   -0.89988  -0.53239   1.0995
 -0.91916 ]",FOOD
price,"[-0.44954   0.11784   0.65071  -0.042841  0.58203  -0.12502  -0.17475
 -0.79379   0.20936   0.67822  -0.07809   0.21738  -0.38139  -0.99193
  1.1904    0.84296  -0.077351 -0.59403  -0.56399  -1.325     1.359
 -0.63021  -0.21871  -0.49675  -0.50683  -1.1777   -0.142     0.13053
  0.8583    0.93815   3.1927   -0.070536  0.97513   0.86562   0.78035
 -1.2842   -0.19745  -0.19072   0.23972  -0.61404  -0.085975  0.54901
  0.48752   0.15015   0.24876  -0.24506   0.24964   0.45262   0.40169
  0.67247 ]",RESTAURANT
oc,"[-1.0831   -0.1918    0.00409   0.08456  -1.1729   -0.32381   0.4216
 -0.46055   0.27492  -0.7593    0.42129  -0.15205   0.73924  -0.41195
 -0.5827   -0.48094  -0.65337   0.75996  -0.41654   0.15932   0.35668
 -0.63256   1.2978    0.90304  -0.50115   0.50207  -0.066057  0.15561
 -0.022182  0.1348   -0.28631   0.34645  -0.20047   0.13263  -0.67823
 -0.23976   0.44922  -0.55628   0.31483   0.23515   0.99256  -0.38163
 -0.13664  -0.56499   0.48645  -0.31263  -0.026729  0.17535   0.99099
  1.0224  ]",RESTAURANT
code,"[-0.44412   -0.67868   -0.094546   0.34215    0.013901   0.16031
  0.47052   -1.7445     0.38626   -0.55589    0.18766    0.97665
  0.045589   0.026169   0.17745   -0.53058   -1.0001     0.034003
  0.37809   -0.21039   -0.18568   -0.9391    -0.105      0.69634
 -0.075046  -1.4277    -0.47106   -0.28648    0.24325   -0.86597
  2.7155    -0.84736   -0.89026   -0.42889    0.0073904  0.20806
  0.94242   -0.8303    -0.6176     0.53572    0.50985   -0.27999
  0.5226     1.0908    -1.3746     0.55885    0.66053    0.50033
  0.47428    0.040882 ]",SERVICE
kroner,"[ 5.2358e-03 -5.4244e-01  9.8642e-01 -6.0542e-01  8.3696e-01  4.8206e-01
 -1.3800e-02 -6.1238e-01 -2.5904e-01  3.1445e-01  2.0950e-01 -4.9705e-01
  5.1904e-01 -9.7317e-01  1.2696e+00 -1.6150e-01  1.8948e-01  2.9319e-05
 -1.4163e+00  6.5181e-01  1.9457e+00 -3.6938e-01 -2.1532e-01 -8.3421e-01
 -1.5814e-01  1.4451e-01  3.3938e-01 -8.0164e-01 -8.1320e-01  4.0564e-01
  9.0149e-01  6.4179e-01  8.2210e-01  2.5739e+00 -3.4600e-03 -8.0775e-01
  3.6917e-01 -2.4496e-01  1.2418e+00  1.0471e-01  1.0245e+00  8.0549e-02
  8.3884e-01 -5.6298e-02 -1.2157e+00  1.0896e-01 -4.0593e-01  1.6209e+00
  4.4051e-02 -4.0036e-01]",RESTAURANT
ist,"[ 0.48217    0.10693    0.18733   -0.078732  -0.32008   -0.76086
  1.1093    -0.2487     0.29125   -0.21882   -0.0051698 -0.59954
 -0.72528    0.24139    0.19728   -0.0093615  0.29141    0.7774
 -0.09437    1.6672     0.075975  -0.31871    1.1893     1.3346
  1.1274     0.31245   -0.15596   -0.04846   -0.40203   -0.38606
  0.32573    0.044433  -0.77147    1.6846    -0.93842   -0.86539
  0.91017    0.060033   0.87974    0.99938   -0.012802  -1.22
 -0.70637   -0.65466    0.71847   -0.74132    1.3682    -0.3675
  0.60397    1.0955   ]",RESTAURANT
waste,"[ 3.9320e-01 -2.6654e-01  3.6063e-01 -3.3981e-02 -5.5280e-01  2.8014e-02
  6.1516e-02 -1.7540e-01  1.2044e+00  3.5046e-01 -1.1477e-01  2.1644e-01
  5.8422e-01 -3.3805e-01  6.0583e-01  1.0374e-01  1.2691e+00  1.1692e+00
  1.1819e-01 -7.7057e-01  9.5359e-01 -7.3519e-01  5.9965e-01 -7.3535e-01
 -7.4844e-04 -1.2956e+00  1.3351e-01  9.1736e-01  1.4184e+00 -1.2087e-02
  2.0514e+00 -5.2395e-01 -5.3608e-01 -8.3510e-01 -6.7559e-01  7.5992e-01
  6.9927e-02  4.2580e-01  1.3848e+00  4.1355e-01 -6.2659e-03 -8.4806e-01
  1.0905e+00  2.8167e-01  9.8388e-02  4.4455e-01 -1.0902e+00  4.6677e-01
  7.8979e-01 -3.7297e-01]",FOOD
sandwich,"[ 0.4476   -0.58993  -1.0345   -0.31455   1.0242    0.43833  -0.47222
 -0.14687  -0.037337 -0.4441   -0.3769    0.11454   1.1167    0.7911
 -0.27699   0.20316  -0.23043   0.69255  -0.37483  -0.16352   0.81764
 -1.0439    0.066569  1.1775   -0.48551  -0.82777  -0.69319   0.81503
  0.86279  -0.88695   1.0349   -0.020801 -0.50727   2.1042    0.47549
  0.075378  0.20257   0.78815   0.78308   0.12963   0.58349   0.17865
 -0.39174   0.24764   0.49712   1.4036    0.080528 -0.16547   0.64122
  0.32142 ]",FOOD
pita,"[-0.11097   -1.1806    -0.18246    0.37254    1.1936    -0.016183
  0.293     -0.13957   -1.0909    -1.1944    -0.26657   -0.28949
  0.55701   -0.097514  -1.0729    -0.051348  -0.11377   -0.16282
  1.0541    -0.36679   -0.16451   -0.49624    0.72174    0.62343
  0.22271    1.2833     0.034229   0.0045689  0.95196   -0.10964
  0.62115    0.29713   -0.57363    2.4186     0.071429   0.64103
 -1.156      0.98277    0.20021    0.71066    1.1281     0.90817
 -1.2019    -0.80126    0.74217    0.3146     0.5213    -0.28293
  0.094798  -0.040866 ]",FOOD
pomegranate,"[ 0.17663    0.21839   -0.89947    0.87033    0.12422   -0.0030266
  0.28169   -0.36748    0.25532    0.58642   -0.64959   -0.18529
  0.89097   -1.2642     0.011486  -0.20984   -0.2852     0.4256
  0.97843   -0.93181   -0.22735   -0.63344    1.2497    -0.16451
 -0.28095    1.0696    -0.11391    0.67712    0.47982   -0.058867
  0.57643   -0.24866   -1.1282     0.87777    0.36796    0.35813
 -1.1302     0.30627    0.8151    -0.37442    0.45187   -0.45151
 -0.92296   -0.55854    0.80404    1.0521     0.41932   -0.63283
  0.13538   -0.92555  ]",FOOD
prices,"[-0.69194  -0.52312   0.8382   -0.33673   0.17879  -0.84447  -0.56553
 -0.73776   0.032885  1.0243    0.32449  -0.12127   0.086144 -0.43705
  0.9202    1.3683   -0.36278  -0.91755  -0.40405  -1.5394    1.8192
 -1.1201    0.20566  -0.46135  -0.39751  -1.0601    0.05019   0.61388
  1.2599    1.423     3.7054    0.3231    1.4104    0.60227   0.54725
 -1.33     -0.88951   0.048926  0.33836  -0.3242   -0.94471   0.42553
  0.76416  -0.22349   0.90342   0.023828  0.046381  0.37179   0.90015
  0.01424 ]",RESTAURANT
people,"[ 0.95281   -0.20608    0.55618   -0.46323    0.73354    0.029137
 -0.19367   -0.090066  -0.22958   -0.19058   -0.34857   -1.0231
  0.743     -0.5489     0.88484   -0.14051    0.0040139  0.58448
  0.10767   -0.44657   -0.43205    0.9868     0.78288    0.51513
  0.85788   -1.7713    -0.88259   -0.59728    0.084934  -0.48112
  3.9678     0.8893    -0.27064   -0.44094   -0.26213    0.085597
  0.022099  -0.58376    0.10908    0.77973   -0.95447    0.40482
  0.8941     0.65251    0.39858    0.20884   -1.3281    -0.10882
 -0.22822   -0.46303  ]",SERVICE
rate,"[-0.15148    0.12274    0.99983   -1.1999     0.4719     0.51656
  0.040134  -0.77619    0.25953    0.68759    0.6763    -0.7277
  0.66101   -0.26183    1.0443     0.72497   -0.48978   -0.94671
 -0.46455   -0.083359   0.52965   -1.1138    -0.22799    0.053303
  0.17856   -1.0023     0.60362   -0.0071834  0.22256    1.4794
  3.9077     0.51825    0.93364    0.24126    0.48602   -1.1666
  0.23464   -0.31897    0.69065   -0.86909   -1.171      0.10286
  0.21679    0.26168   -0.30295   -1.1138     1.2119     0.70494
  1.0249     0.62233  ]",RESTAURANT
cumin,"[-0.51743    0.16789   -0.46522    0.97902    0.8952    -0.47839
  1.1009     1.0507    -0.071865  -0.17419   -0.11478   -0.027814
  0.9157    -0.96436   -0.8354    -0.51752   -0.38028    0.15153
 -0.52342   -0.34064   -0.6523    -0.36084    2.3831     0.35875
 -1.0076     0.25113    0.91965    0.4794     2.0874    -0.12078
  0.13799   -0.30513   -0.49724    0.30068    0.3852     0.394
 -1.688      0.71803    0.55348   -0.41518    2.1792    -0.12699
  0.29875   -0.60675    2.0567     1.7783     0.61279   -0.051565
 -0.97134    0.0080904]",FOOD
drying,"[ 0.18034   -0.40804   -0.28101   -0.68959   -1.2576    -0.28762
  0.047187   0.0039195  0.67773    0.29428    0.070188   0.44512
  0.47222    0.24248   -0.27518    0.80211    0.090219  -0.42508
  0.38316   -0.84444    0.81713   -0.54924    0.76469   -0.75882
  0.10457    0.38634    0.32212    0.92384    1.702      0.46061
  1.6816    -0.10308   -0.26608    0.30578   -0.37051    1.0289
 -0.30553    1.1943     1.1571     0.14183   -0.15952   -0.097503
  0.06688    0.58287    0.84967   -0.55758    0.81503   -0.65153
  0.64939   -0.48189  ]",FOOD
years,"[ 0.16962   0.4344   -0.042106 -0.63324  -0.1278    0.53668  -1.0662
 -0.32629  -0.50079   0.10247  -0.021968 -0.35105  -0.64153  -0.42454
  1.3836   -0.13543  -0.24754   0.22156  -0.65563   0.44424   0.17017
  0.35816   0.56379  -0.48044  -0.14765  -1.629    -0.31308  -0.47217
  0.02659   0.47603   3.4619    0.12069  -0.045344 -0.47303   0.28569
 -0.077584 -0.16447   0.7181    0.2617   -0.16841  -1.245    -0.076188
  0.17493   0.24507  -0.63801  -0.21096  -0.49918  -0.50108  -0.7704
 -0.32234 ]",AMBIENCE
customers,"[ 1.081     -0.42035    1.2383     0.24359    0.17261   -0.18405
 -1.2897     0.19998    0.28152    0.38429    0.13456    0.25351
  0.63025   -0.5403     0.47859    0.38151   -0.81858    0.19375
  0.6638    -1.853      1.2349    -0.31138   -0.48747    1.1099
 -0.19867   -1.1284    -0.011382  -0.36449    0.69066   -0.67945
  2.9075     1.3669     0.76154   -0.03224    0.019912  -0.60335
 -0.73934   -0.095316   0.024081  -0.59674    0.64656    0.11109
  0.36185    0.96213    0.0072497 -0.20237   -0.54532    0.37054
 -0.31478    0.65331  ]",SERVICE
food,"[ 0.47222   -0.44545   -0.51833   -0.26818    0.44427   -0.25108
 -0.99282   -0.90198    1.8729     0.039081   0.14284    0.074878
  1.0543    -0.3203     1.0722     0.44323    0.0099484  0.15754
  0.51399   -0.77668    0.924      0.010958   0.58815    0.23078
 -0.34281   -0.88444   -0.31492    0.12661    1.1445     0.60775
  3.4344     0.63561   -0.13832    0.28045   -0.16181    0.77541
 -0.49888    0.4602     0.91799    0.29007    0.06884    0.59978
  0.53967   -0.061752   1.2975     0.92323   -0.80945    0.34932
  0.33934    0.25499  ]",FOOD
quantity,"[ 0.37892   -0.094064   0.29515   -0.39989    1.3207    -0.0084049
  0.83471   -0.36975    1.0064     0.56719    0.87348    0.26237
  0.71964   -1.0343     0.47957    0.2398     0.63864    0.31365
 -0.43649   -1.0151     0.37928   -1.3027     0.57225   -0.50519
 -0.26228   -0.71478   -0.85283    0.34818    1.2518     0.49996
  1.9067    -0.54493    0.32417   -0.47227    0.93503    0.61512
 -0.12444    0.74406   -0.21433    0.84133    0.71484    0.26892
  0.24873    0.24516   -0.35082   -0.69335    0.037112   1.1162
  0.20972   -0.4803   ]",FOOD
restaurant,"[ 0.69607    0.42922   -1.0206     0.20534    0.94613   -0.8808
 -1.391     -0.063854   0.20051    0.067331  -0.69957   -0.44104
  0.41343    0.98698    0.48247   -0.20524    0.015262   0.81055
 -0.16189   -0.57772    1.4103     0.30844   -0.84441    1.4506
 -0.78245   -0.79539   -0.67531    0.87824    0.32835   -0.36903
  2.0142    -0.30928    0.078092   0.97173    0.33983    0.10481
  0.15796    0.5853     0.79749    0.4152     0.22678    0.53758
  0.0064708  0.060384   0.57345    0.28672   -0.91732   -0.74019
  0.81009    0.85844  ]",RESTAURANT
plastic,"[-0.24208  -0.13474   0.18958  -0.10728   0.52984   0.80733  -0.079699
 -1.0211    0.39969  -0.13933   0.42085  -0.12169   0.61173   1.2078
  0.33896   0.67105  -0.37797   0.59041   0.10154  -1.6758    0.8012
 -0.11017   0.27297  -0.80039  -1.0162   -0.59851  -0.51173   1.4978
  0.78303  -1.1506    2.2357   -0.10281  -0.20451   0.40695  -0.16791
  1.8744    0.98629   0.87431   1.1456   -0.13735   0.40802   0.3666
  0.33608   0.51706   1.1013   -0.022072 -0.17398  -0.63442   0.053325
 -1.0371  ]",AMBIENCE
name,"[ 0.20957   0.75197  -0.48559   0.1302    0.60071   0.43273  -0.95424
 -0.19335  -0.66756  -0.25893   0.66367   1.0509    0.10627  -0.75438
  0.45617   0.37878  -0.40237   0.1821   -0.028768  0.24349  -0.35723
 -0.55817   0.14103   0.58807   0.076804 -1.972    -1.4459    0.081884
 -0.29207  -0.65623   2.718    -0.96886  -0.33354  -0.19526   0.33918
 -0.24307   0.29058  -0.37178  -0.38133  -0.20901   0.48504   0.20702
 -0.5754   -0.32403  -0.19267  -0.043298 -0.57702  -0.4727    0.42171
 -0.14112 ]",LOCATION
mean,"[-0.067512   0.29494    0.20235   -0.59841    0.43585   -0.0032223
  0.43758   -0.1124    -0.20145    0.42289   -0.0985     0.1408
 -0.058554  -0.27835    0.84768    0.53055    0.55419   -0.067955
 -0.096425  -0.73339   -0.41117   -0.4301     0.29693    0.16367
  0.48379   -1.3559    -0.68909    0.34702    1.1119     0.034287
  3.0064     0.60957   -0.24457   -0.11537   -0.23676   -0.61456
  0.20144   -0.20736   -0.071819  -0.19848   -0.47482   -0.0034087
  0.19635    0.65044   -0.45632   -0.26454    0.17555    0.33774
  0.031319   0.68001  ]",AMBIENCE
money,"[ 0.59784  -0.057026  0.97746  -0.58504   0.37386   0.036373 -0.67548
 -0.090134  0.33473   0.4612   -0.70586   0.88032  -0.1532   -0.59041
  1.0221   -0.20335   0.80479   0.23907   0.51985  -0.34106   1.1747
 -0.44956   0.19799  -0.25137  -0.59436  -2.2372   -0.15901  -0.39896
  0.4188   -0.67741   3.3433    0.98779  -0.023405  0.14755  -0.46205
  0.34545  -0.77937   0.32595   0.6553   -1.0528   -0.19255   0.22296
  0.2518    0.71563  -0.47951  -0.95866  -0.79283   0.20869   0.16084
  0.24745 ]",SERVICE
guys,"[-0.82599  -0.16099   0.37983  -0.5175    0.9694   -0.5279   -0.6314
  0.030497 -0.96925   0.10382  -0.58422   0.52794  -1.1991    0.65716
  0.77688  -0.021802  1.0155    0.81051  -0.40352  -1.2479   -1.0099
  0.80364   0.57041   0.66466   0.43629  -1.2164   -0.87894   0.1981
  1.4105   -1.5908    2.4849    1.4291    0.12156   0.12627   0.28803
  0.39877  -0.074783  0.16017   0.27252  -0.4343   -0.54678   0.021834
  0.040467  1.0172    0.56188  -0.26641   0.16002  -0.18227  -0.35096
  1.0802  ]",SERVICE
kebabs,"[-0.56781   -1.3559    -1.1268     0.14808    0.59052    0.21069
  1.006     -0.07676    0.42389   -0.31161   -0.77274    0.0085844
  0.55757    0.70131   -0.53467    0.90396    1.2192     0.18897
  0.3478    -0.42917    1.2383    -0.67692    0.61863    0.43726
  0.64075    0.15801    1.2614     0.43897    1.1244    -1.4994
  0.11847    0.076252  -0.4965     2.1083     0.16676    0.095009
 -0.040398   1.3842    -0.64633    0.62457    0.19475   -0.63701
  0.4064     0.52528    1.1741     1.3949     0.79545    0.20148
 -0.95905   -0.43095  ]",FOOD
paper,"[-0.71216   0.028648  0.14848  -0.23793   0.25072   0.33656  -0.9906
 -1.1897   -0.024259 -0.41926  -0.090202  0.16064   0.16936  -0.023698
  0.31246  -0.013672 -0.80506  -0.22796   0.32495  -0.7812    1.2428
 -0.27218   0.91784  -0.67886  -0.10611  -1.2105   -1.0284    0.96594
  0.25269  -0.49446   2.8362   -0.92855  -0.12637   0.15115  -1.1247
  0.16182  -0.019598  0.82145   0.47805  -0.19526   1.2688   -0.3549
  0.15587   0.040564  0.32875   0.091115 -0.34785   0.5934    0.45267
 -0.61026 ]",FOOD
times,"[-0.39921   0.63609   0.3401   -0.14305  -0.11966  -0.4832   -0.87891
 -0.19646  -0.42128  -0.23169  -0.50591  -0.093337 -0.30098  -0.14887
  1.2242   -0.11392  -0.59522  -0.48003  -0.98778   0.033121  0.17605
  0.2695    0.96337   0.25842   0.44454  -1.4805   -0.47694   0.040743
  0.15592   0.23329   3.3342   -0.1008    0.85134  -0.29978  -0.14765
 -0.37207   0.093149  0.30571  -0.036654  0.12316   0.012305  0.43128
  0.4405    0.58298  -0.39951   0.21648  -0.13706  -0.01493  -0.19099
  0.24173 ]",SERVICE
taste,"[-0.25826    0.20755   -1.8089    -0.0045707  1.002      0.30873
  0.23493    0.13954   -0.16455    1.1608     0.12976    0.39695
  0.9664    -0.22466    0.20641    0.22372   -0.043133   0.26844
 -0.090198  -1.213     -0.20942    0.19578    1.1608     0.41065
 -0.088691  -0.77222   -1.1368     0.98575    1.5428    -0.05683
  2.2402     0.63528   -0.072622  -0.23851    0.29049    0.12906
 -1.1139     0.89749    0.55485   -0.77596    0.71329    0.062237
 -0.13661    0.19611    0.58233    1.5621     0.2034     0.23999
 -0.032633   0.28185  ]",FOOD
crown,"[-0.26323    1.3943    -0.87454    1.0023     1.0173     0.19962
  0.25199    0.59071   -0.10039   -0.83954    0.22795    0.58767
 -0.59569   -0.45963    0.27867    0.7659    -0.11835   -0.083732
 -0.76715   -0.1434     0.47982   -0.65432   -0.04736   -0.21881
 -1.1508    -1.6781    -0.66261   -0.17031   -0.2344     0.4239
  1.4788     0.17327   -0.3485     0.70005    0.73753    0.09293
 -0.0036559  0.76866   -0.90138   -0.5856     0.40745   -0.16437
 -0.25788    0.40889   -0.49597   -0.33609   -0.9596    -1.5029
  0.12852   -1.1612   ]",RESTAURANT
stockholm,"[ 8.1527e-02  1.0769e+00 -5.2425e-01  3.4267e-01 -1.8133e-01 -2.0301e-01
  1.1813e-03  7.5697e-01 -2.9367e-01 -1.2071e-01  9.3333e-01 -1.6291e+00
 -3.3662e-01  1.0196e-01  1.0610e+00  8.3714e-01 -1.2128e-01  9.1968e-02
 -9.5603e-01  7.3867e-01  1.9545e+00  2.9669e-01 -6.6901e-01  1.0556e+00
 -9.3834e-03 -8.5105e-01 -6.7508e-01  6.7862e-02 -9.2607e-01 -1.8383e-01
  9.9852e-01  5.2706e-01  3.4520e-01 -2.0177e-01 -3.7408e-01 -7.3848e-01
  7.2618e-01  6.8960e-01  1.0153e+00  1.2035e+00  1.8838e-01  1.3946e-01
  6.7402e-01 -6.6537e-01 -4.3759e-01  5.4692e-01 -1.7129e-01  1.5094e-01
  2.9597e-01 -7.2832e-01]",RESTAURANT
yogurt,"[-0.10136   0.47863  -1.2343    0.66863   0.24554   1.0711   -0.27806
  0.14194  -0.18084   0.67779   0.63179   0.21606   0.95875  -0.065592
  0.32699   0.53533  -0.52689   0.99971   1.1127   -0.37582   0.56527
 -0.47669   1.5912    1.4045   -0.78149   0.25131   0.19062   1.5436
  1.4333   -0.078454  1.1747    0.57677  -0.074755  1.8033    0.27391
  0.22241  -1.1542    1.0357    1.1248    0.18389   0.81158  -0.39049
 -0.22423  -0.121     0.71414   0.74637  -0.36462   0.47096   0.83941
 -0.36009 ]",FOOD
sauces,"[ 0.1462   -0.50236  -1.7874    0.25577  -0.46321  -0.32385  -0.11889
  0.090381 -0.66251   1.1331    0.075843  0.6412    1.2891    0.64374
 -0.79908  -0.18878  -0.68449  -0.022063  0.49332  -0.79706   0.50132
 -0.34223   1.67      0.3568   -0.68801   0.4415   -0.7322    0.8149
  1.4628   -0.88669   1.0801    0.33909   0.27116   1.27      1.1098
  0.32235  -1.1827    1.7345    0.61992   1.0662    0.48637   0.74487
  0.64122  -0.043723  1.1155    0.92796   0.48985   0.69117  -0.19067
  0.79788 ]",FOOD
priority,"[ 0.35595   0.67806   0.49411  -0.13684   0.33306  -0.15405   0.25301
 -0.44937   1.0772   -0.55992  -0.1812    0.20247  -0.24215   0.13094
  0.007562 -0.025013  0.19396  -0.25858   1.2132   -0.057249 -0.32017
 -0.68227  -0.36452  -0.14171   0.079696 -1.1113    0.35335  -0.21206
  0.30772   0.54126   2.619     1.0189   -0.45241  -0.68334   0.073744
  0.15715   0.086717  0.28706  -0.58993  -0.35399  -0.68527  -0.52977
  0.46549  -0.15813  -0.47064   0.25582  -0.2689    1.0924    0.66113
  0.46492 ]",SERVICE
drink,"[-0.063275 -0.10331  -0.7798   -0.19183   0.34219   0.050926 -0.46459
 -0.078635  0.54814   1.4047    0.38838   0.3611    0.80142  -0.46235
  1.0345    0.39002  -0.25508   0.90988  -0.22221  -1.8257    0.73976
  0.26612   1.2605    0.9422   -0.22148  -0.97796  -0.42254   0.68667
  1.1503    0.22859   1.9738    0.84056  -0.84683   0.93435   0.19842
 -0.51849  -0.48574   0.40075   0.60286   0.22686   0.32788   0.29878
 -0.5074    0.81122   0.9134    0.43469  -0.88409  -0.75136   0.60014
  0.082798]",FOOD
service,"[ 0.13409   0.68926   0.45086   0.052204 -0.30604  -0.5801   -1.128
 -0.030769  1.0378   -1.3936    0.18124   0.38504   0.27184  -0.1356
 -0.19343  -0.40629  -1.5941    0.33679  -0.035998 -0.10354   1.0248
 -0.036901 -0.58559   0.51458  -0.1289   -1.6363    0.042835 -0.71684
  0.23651   0.34811   3.5559    0.38361   0.087215 -0.49308  -0.24096
  0.24726   0.59281  -0.37768  -0.23602   0.2935    0.93289  -0.24058
  0.24401   0.23104  -0.62022  -0.16006  -0.40435   0.29695  -0.006097
  0.94897 ]",SERVICE
give,"[ 0.30577   0.30053   0.22806  -0.14625   0.74309  -0.14415  -0.43512
  0.59286  -0.1743    0.47471  -0.13492   0.33909   0.093609 -0.11892
  0.31555   0.3845    0.54051  -0.69359   0.24688  -0.93476  -0.041963
  0.25972  -0.004559 -0.1688    0.088309 -1.7161   -0.16327  -0.40159
  0.13859  -0.93499   3.366     1.1006   -0.96759  -0.092375  0.19996
 -0.17415   0.1836    0.20687   0.10418  -0.7353    0.33549   0.11443
 -0.016682  0.23897  -0.036168  0.25008  -0.19502   0.70866  -0.039504
  0.18456 ]",SERVICE
case,"[ 7.0055e-01 -2.4096e-01 -3.3380e-01  7.3864e-01  5.8329e-01  1.0312e+00
  4.3613e-01  3.1255e-01  4.5034e-01  2.1358e-02 -2.5161e-01  1.6425e-01
 -7.7754e-01 -2.8402e-01  1.3371e+00  8.7065e-02 -4.6043e-01 -5.1812e-01
 -4.0278e-02 -4.1397e-01  7.9169e-02  1.1025e-01  1.3596e-01  1.1033e-03
 -4.1198e-01 -2.7956e+00 -3.3211e-01  3.4829e-01  3.7349e-02 -2.3781e-01
  2.6114e+00 -1.2500e+00 -4.4898e-01 -1.1932e+00  2.9551e-01 -5.4908e-01
  2.8867e-01 -1.9626e-01  3.5766e-01 -3.3546e-01 -3.9585e-01  4.9496e-01
  4.9102e-01  7.5183e-01  1.6829e-01 -5.8578e-02 -5.3019e-02  2.9408e-01
  1.7447e-01  1.5313e-01]",SERVICE
dish,"[ 0.6081    0.44372  -0.63146   0.65221   0.64601   0.3152   -0.28276
  0.037286 -0.21367   0.043012 -0.034488  0.088242  2.2764    1.4614
 -0.42342   0.4265   -0.24682   0.74566  -0.24804  -0.35382   0.50347
 -0.42972   1.0712    0.72652   0.32316  -0.34346  -0.64702   0.77634
  1.0111   -0.24638   2.0657    0.14252  -0.61208   1.3094   -0.41764
  0.53215  -0.41496   1.8847    0.23198  -0.48831   1.6187    0.75319
 -0.44197   0.36896   0.14338   1.026     0.11812   0.2701   -0.095481
  0.46032 ]",FOOD
potatoes,"[-0.028454 -0.76001  -0.55045  -0.78838   0.75013   0.60169  -0.38637
 -0.53852  -0.7154   -0.94491  -0.43444   0.28991   1.8873   -0.19985
  0.48026   0.5002    0.47412   0.60778   0.20534  -0.36218   0.21753
 -0.90529   2.1551    0.090227 -0.046041  0.21762   0.074929  0.94769
  1.6514   -0.26105   1.4711    0.31822  -0.52332   1.5461    0.21639
  1.1836   -1.2349    1.623     0.92053  -0.86015   0.17109   0.59369
  0.082286 -0.63555   1.1516    1.1299    0.55223  -0.017068 -0.15937
  0.24667 ]",FOOD
thing,"[-0.0086751  0.20393   -0.2809     0.038613   0.98161   -0.0065281
 -0.23104    0.12747   -0.12763    0.45125   -0.54445    0.43703
 -0.83501    0.33646    1.054      0.31061    0.89539    0.35598
  0.0463    -0.61359   -0.75673    0.4372     0.041877   0.40898
  1.0622    -1.9429    -1.5851     0.46778    1.3873    -0.76793
  2.746      0.44763   -0.2672    -0.2175    -0.27831   -0.12655
 -0.069537   0.28552    0.22963   -0.49098   -0.57948    0.10878
 -0.23209    0.64553    0.027521   0.44922    0.048379   0.085849
  0.14412    1.0824   ]",AMBIENCE
days,"[ 6.2236e-01  1.9730e-01  2.3326e-03 -4.4924e-01  8.4905e-02 -3.3628e-01
 -9.0642e-01  6.2154e-01 -2.0657e-01 -2.0043e-01 -6.2690e-01 -6.4429e-01
 -3.1616e-01  2.3314e-01  1.2348e+00 -8.0113e-02 -7.3820e-01 -3.4970e-01
 -9.7589e-01 -4.6964e-02  2.9777e-01  6.8288e-01  8.7876e-01 -2.8921e-01
  1.4560e-01 -1.4110e+00 -1.1301e-01  2.1320e-01  4.9548e-01  3.8685e-01
  3.3970e+00  4.0639e-01 -5.4343e-01 -3.7414e-04  4.4268e-01 -1.0150e-01
  3.7693e-01  4.7623e-02  4.4414e-02  1.0038e-01 -9.9794e-01  2.0820e-01
  6.3226e-02  1.2436e-01 -5.9387e-02  4.6682e-02 -2.2335e-01 -2.2082e-01
 -4.0414e-01 -1.8502e-01]",RESTAURANT
raise,"[ 0.41902   0.2475    0.76415  -0.8089    0.35198   0.26103  -0.097266
 -0.090098  0.42913   0.22139  -0.36105   0.19339   0.62449  -0.55265
  0.6357    0.51517   0.39872  -0.074213  0.14784  -0.75387   1.0746
 -0.69461  -0.057784 -0.63753  -0.15922  -1.6004    0.23143  -0.44319
 -0.091435  0.083693  2.8622    1.3761   -0.25359   0.21459  -0.19029
 -0.5462   -0.3713   -0.3179    0.28078  -1.0489   -0.72489  -0.17338
  0.23447   0.074625  0.17617  -0.36479  -0.25839   0.52223   0.044853
  0.40886 ]",RESTAURANT
rice,"[-0.63956    0.4585    -0.22471    0.12748    0.64469   -0.17907
 -1.0402    -0.30059    0.42333   -0.23367   -0.58576    0.35708
  1.0384    -0.72488    0.79048    0.72161    0.51023    0.19268
  0.4797    -0.18064    0.43814   -0.36434    1.4656    -0.89484
  0.42897   -1.1194     1.1132     0.59456    0.60011    0.11154
  2.499     -0.29774   -0.46576    0.70008    0.40731    0.44699
 -0.56745    1.1255    -0.0036835  0.28568   -0.30149    0.8296
 -0.41173   -1.1272     1.3769     0.87143   -0.59111    0.87152
 -0.73973    0.18006  ]",FOOD
music,"[-0.92448    0.59807   -0.995     -0.045298  -0.38836    0.032817
 -1.1416    -0.30202   -0.33753    2.0498     0.72614    0.25759
  0.062278   0.60505    0.19414   -0.33841    0.0098585  0.28398
 -0.025021  -0.53623    1.2342     1.0731    -0.087618   0.99114
  0.49666   -0.46601   -1.7859    -0.50884   -0.67744   -0.91626
  3.6685    -0.58218    0.72491   -0.47676   -0.35207    0.041236
  0.27288   -0.205     -0.1238     0.10142    0.59449    0.27638
 -0.92749   -0.63906   -0.13326    0.50902    0.15386   -0.86544
 -1.3564     0.28513  ]",AMBIENCE
zero,"[-0.0051918  0.47477    0.89026   -0.59782    0.75629   -0.16109
  0.66853   -0.7816     0.29081    0.59619    0.29581   -0.2149
 -0.30391    0.071141   0.5606     0.17341    0.25578   -0.0071424
 -0.77113   -0.45378   -0.12221   -0.7971     0.19035   -0.304
 -0.11841   -0.64964   -0.11693    0.4723     0.82884    0.25361
  2.4352     0.40537   -0.22747   -0.32201   -0.03266   -0.56481
  0.47698   -0.64537    0.26544    0.2353    -0.38494   -0.16943
 -0.0044646  0.13025   -0.75122   -0.23814    0.6684     0.20171
  0.47011    0.44107  ]",RESTAURANT
date,"[ 0.43559    0.65695   -0.14961    0.050169   0.4007    -0.04202
 -0.55791    0.32796   -0.33085   -0.26459   -0.26456   -0.21089
  0.069462  -0.15196    1.5708     0.49608   -0.61718   -1.0413
 -0.15794    0.0036316  0.62425   -0.80232    0.23807   -0.025038
  0.24664   -0.88465   -0.71144   -0.35914    0.12781    0.31312
  2.9344    -0.86312   -0.76312   -0.11423    0.65148   -0.36801
  1.0398     0.28502   -0.78132   -0.52325   -0.47597   -0.66945
 -0.11161   -0.17566   -0.48714    0.2156     0.36542    0.19961
 -0.18349    0.0278   ]",RESTAURANT
advice,"[ 0.29712   0.23016  -0.63195  -0.61628   0.33278  -0.23969  -0.62576
  0.25897   0.11616  -0.16585  -0.60839   1.3735    0.36725  -0.20689
  0.086957 -0.14841  -0.59336  -0.46496   1.0107   -0.59742   0.64246
  1.0223    0.35891   0.029646  0.6466   -1.4199   -0.31235  -0.75533
 -0.052972  0.039357  2.3306    0.44967  -0.41684  -0.49646   0.2605
  0.26184  -0.21801   0.31142   0.1931   -0.48393   0.86827   0.29438
  0.057622  1.2222    0.42023   0.032374 -0.2111    1.1034    0.34836
  0.96131 ]",SERVICE
lemon,"[-0.33248    0.29633   -1.1249     0.58768    0.45162    1.3159
 -0.13915    0.33385   -0.32273    0.5337    -0.63423    0.80461
  1.0344    -0.4813    -0.31563   -0.51007    0.11943    0.0095194
  0.24404   -1.241     -0.15622   -0.38642    1.6523     0.098638
 -0.914      0.23429    0.50625    1.2623     1.4232    -0.6358
  1.4377    -0.26552   -0.81685    1.0883     0.26893    0.2867
 -1.1429     0.32088    1.5372    -1.2722     1.0995     0.16806
 -0.88816   -0.78315    0.2782     1.1631     0.057114  -0.66167
  0.42685    0.10692  ]",FOOD
regions,"[ 0.7988    -0.026302  -0.085029   0.694     -0.82976    0.032081
  0.0088672 -0.020936   0.12888   -0.62574    0.77023   -1.0211
  1.168     -0.21466   -0.70479    0.72514    0.4913    -0.15261
  0.20977    0.45609   -0.71618   -0.71145    1.1404     0.91367
 -0.27484   -0.23724   -0.68265   -0.092342  -0.10955    0.44858
  3.6629     0.51857    0.5005    -0.75723    0.24337    0.24115
 -1.4473     0.28883   -0.48145    0.70903   -1.2627     0.66591
  1.111     -0.68989   -0.64991    0.34712   -0.24426    0.20811
 -0.29725   -0.82592  ]",FOOD
order,"[ 0.59594   0.027426 -0.37212  -0.43777   0.90033  -0.10551   0.3488
  0.34644   0.11622  -0.46675   0.40657   1.0254   -0.072136 -0.12719
  0.20944   0.22438  -0.32991  -0.89753   0.061887 -0.78079   0.55576
 -0.72526  -0.32109  -0.090179 -0.49251  -1.4597   -0.19504  -1.1512
  0.4673    0.13954   3.3605    0.096328 -1.2275   -0.45464   0.2279
  0.2145    0.50552  -0.40703  -0.2411    0.15025   0.063791 -0.34117
  0.22175   0.25812  -0.397     0.48599  -0.17694  -0.37738   0.18143
 -0.27109 ]",RESTAURANT
seasoning,"[-0.5009   -1.0156   -1.6906    0.52539   0.32422  -0.11314   0.489
  0.99221   0.17717   0.42594   0.27687   0.59718   1.6674   -0.22379
 -0.41417  -0.34361  -0.43288   0.32327   0.028994 -0.84905  -0.13468
  0.15638   0.80465   0.43908  -0.35861  -0.012166  0.60298   0.45983
  1.8215   -0.23415   1.2033    0.076813 -0.66553   1.0543    0.5617
  0.74277  -0.61956   0.66641   1.4238   -0.43263   1.6431    0.24121
  0.41207   0.32659   0.39512   1.8958    0.50302   1.3804   -0.058966
  0.54456 ]",FOOD
fries,"[ 0.28549   -0.50842   -0.97154   -0.92191    0.79827    0.47291
 -0.52855   -0.30383   -0.22146   -0.0066011 -0.084924   1.0594
  0.83255    0.53102    0.37249    0.25727   -0.16391   -0.16185
  0.0044215 -0.49747    0.41993   -0.97901    0.6449     0.71762
 -0.54787   -0.50341   -0.66512    0.24811    0.92945   -0.19581
  0.31261    0.54807   -0.27032    1.8846    -0.22892   -0.20775
 -0.2102     1.0086     0.96226    0.52246    0.69687    0.80205
 -0.15674    0.22042    0.63176    1.4806    -0.57782   -0.67152
 -0.062107   0.62837  ]",FOOD
turn,"[ 0.45343   -0.22031    0.53704   -0.48735    0.34246    0.046052
 -0.23291    0.25968   -0.1569     0.19915   -0.25845    0.1669
 -0.40184    0.2655     0.098261   0.37715    0.38031   -0.18185
 -0.18964   -0.89434    0.14745   -0.074522   0.39154    0.2833
  0.41066   -1.7343    -0.25598    0.17865    0.7382    -0.25739
  3.1924     0.45517   -0.42569   -0.20284    0.0046717 -0.15003
 -0.44053    0.17373    0.042864  -0.51609   -0.24876    0.18265
 -0.1904     0.13985   -0.10454    0.16818    0.16748   -0.51592
  0.034724  -0.089377 ]",LOCATION
staff,"[ 1.9965e-01  1.8259e-01  4.5203e-01 -3.8073e-01  4.2460e-01 -1.0827e+00
 -8.1912e-01  3.7555e-01 -2.7000e-01 -2.0676e+00 -2.7578e-01  4.0208e-01
 -2.3501e-01 -1.4692e-01  4.0392e-01 -4.3921e-01 -5.1240e-01  3.7545e-01
  3.4479e-01 -6.7056e-01  2.5954e-01  4.9982e-01  3.0296e-01 -2.7552e-01
 -5.1533e-01 -1.1427e+00  1.0088e-01 -5.9458e-01 -7.8148e-01  3.9514e-01
  2.8560e+00  3.4101e-01  1.2617e-01 -9.4159e-01 -5.3449e-02  9.3241e-01
  3.3466e-01  6.0386e-02  5.1470e-01  3.8846e-01  1.4532e-01  6.7732e-01
  1.9749e-04 -1.0837e-01  3.4877e-01 -5.7684e-01 -7.4497e-01  7.2435e-01
 -9.0866e-01  1.5056e+00]",SERVICE
chickpeas,"[ 0.15339 -0.57506 -0.43438  0.16361  0.3349  -0.45076  0.22176 -0.39086
 -0.75919  0.10782  0.23676  0.83847  1.6487  -0.17894  0.5987   0.7892
  0.53881  0.37294  0.2402   0.28717 -0.32142 -0.24553  2.3898   0.16762
 -0.29595  1.72     1.2121   0.75054  1.1059   0.4537   0.56352  0.38111
 -0.30422  1.3971   0.46351  1.7159  -0.48045  0.88521  0.43728 -0.43383
  0.9291   0.53813 -0.39395  0.17454  0.72263  0.86953  0.25789  0.47312
  0.23903 -0.47687]",FOOD
pizza,"[ 0.62143   -0.49645   -0.69599    0.19473    1.0616     0.14227
 -0.79524    0.19404    0.0071687  0.14646   -0.61261    0.0037311
  0.41935    1.0381     0.16911   -0.53342   -0.52508    0.79629
 -0.029128  -0.44912    1.0138    -0.59214    0.17643    1.5506
 -0.96916   -0.42896   -0.92664    0.43301    1.2915    -0.80836
  1.336      0.24572   -0.11799    2.0015    -0.27431    0.17803
 -0.31508    0.84582    0.77419    0.45243    0.73485    0.44473
 -0.77466    0.43471    0.53486    0.98216   -0.70731   -0.48557
  0.16453    0.65013  ]",FOOD
problem,"[ 0.75068   0.053127  0.054627  0.072503 -0.12021   0.82717   0.19641
 -0.31173   0.36422  -0.33243   0.25289   0.34691  -0.96921  -0.26156
  0.95127   0.61605   0.36543   0.19097   0.55571  -0.484    -0.76125
 -0.26584  -0.2207    0.33209   0.79446  -1.8817   -0.13826   0.34505
  0.79296   0.48838   3.2986    0.17404  -0.072425 -0.88681  -0.31277
  0.30916  -0.32531   0.10031   0.69906   0.22572  -0.58385   0.36805
  0.063336  0.88716   0.25599   0.15023   0.54539   0.97436   0.27401
  0.10775 ]",SERVICE
places,"[ 0.24397    0.65758   -0.16305   -0.0086433  0.29998   -0.4943
 -0.70939    0.080473   0.29007   -0.36886   -0.41093   -0.5766
  0.37646   -0.27696    0.45754    0.40912    0.50674   -0.30857
 -0.28942   -0.17136    0.017323  -0.31786    0.27293    0.95589
  0.097705  -0.80341   -0.72773   -0.071817   0.60633   -0.36736
  2.9912     0.33057    0.27524   -0.91735    0.26511    0.37689
  0.049998   0.41035   -0.61059    0.23566   -0.61693   -0.18686
  0.6311     0.58983   -0.32607    0.53886   -0.36766   -0.78947
  0.17774   -0.59163  ]",LOCATION
disappointment,"[-0.12075    0.49611   -0.2996     0.21004    0.17611    0.15177
  0.20645    1.3537    -0.3639     0.50933   -0.16116   -0.16111
 -0.73198   -0.64595    0.59899    0.037577   0.036738  -0.60581
 -0.32805   -0.82279   -0.34472    0.35566   -0.12116   -0.87063
  0.88517   -1.1783    -0.676      0.77105    0.10557    0.58188
  1.6402     1.043      0.78955   -0.29557   -0.67104   -0.82855
 -0.14451   -0.39977    0.0034455 -0.94296   -0.28307   -0.15894
 -0.79106   -0.18104    0.31678    0.55777   -0.4544     1.0946
  0.16742   -0.43065  ]",RESTAURANT
sister,"[ 7.3844e-01  1.2935e+00 -1.1455e-02  9.2898e-02  5.7597e-01  1.2912e+00
 -1.0506e+00  5.7835e-01 -1.4364e-01 -4.6163e-01  4.8305e-01  5.5707e-01
 -3.2888e-01 -1.9178e-01  3.1023e-01  7.9763e-02 -1.2981e+00  1.8495e-01
  5.2382e-01  6.6812e-01 -7.5753e-02  1.4345e+00  1.8940e-01  9.8617e-01
  6.7427e-01 -1.4132e+00 -3.3093e-01 -3.6307e-01 -1.4782e-01 -6.1211e-01
  1.7107e+00  1.7398e-01  2.3408e-01  2.6432e-02  1.5820e-01 -5.0177e-01
 -3.7997e-02 -6.3127e-04  2.8831e-01 -5.7345e-01  1.3439e-01  2.2880e-02
  6.9726e-02 -9.6704e-01  1.4316e-01 -2.6588e-01 -6.3387e-01 -2.0158e+00
  2.4152e-02  5.9217e-01]",SERVICE
court,"[-0.35445   -0.55181   -1.024      0.59384    0.57911   -0.061788
  0.72901    1.2659    -0.13373   -0.34189   -0.45832   -0.32753
 -0.50637   -0.40303    0.96671    0.23091   -0.60122   -0.9605
  0.0088542 -0.43992    0.86799    0.53513   -0.3755     0.098895
 -0.95862   -3.0575     0.13488   -0.27774   -0.87982   -0.4781
  2.588     -1.0412    -0.76467   -0.83672    0.37049   -0.58154
  0.94555   -0.0082917  0.051426  -0.37127   -0.15439    0.67224
  0.57069    0.80539   -0.7087     0.28794   -0.62886   -0.47116
  0.13036   -0.33523  ]",LOCATION
are,"[ 0.96193    0.012516   0.21733   -0.06539    0.26843    0.33586
 -0.45112   -0.60547   -0.46845   -0.18412    0.060949   0.19597
  0.22645    0.032802   0.42488    0.49678    0.65346   -0.0274
  0.17809   -1.1979    -0.40634   -0.22659    1.1495     0.59342
 -0.23759   -0.93254   -0.52502    0.05125    0.032248  -0.72774
  4.2466     0.60592    0.33397   -0.85754    0.4895     0.21744
 -0.13451    0.0094912 -0.54173    0.18857   -0.64506    0.012695
  0.73452    1.0032     0.41874    0.16596   -0.71085    0.14032
 -0.38468   -0.38712  ]",AMBIENCE
poisoning,"[ 1.0213     0.35091    0.0036123 -0.17218   -0.54397    1.4306
  0.79913    1.0363     0.47594    0.76311    0.23901   -0.18902
  0.72864    0.21075    1.1179    -0.1788    -0.42923    0.45142
 -0.7621     0.29931    0.36305   -0.49882    1.3258    -0.097102
  0.13159   -1.6783    -0.23303    0.39886    0.63016    0.8664
  0.59422   -0.33589    0.27135   -1.0047     0.18125    0.39995
  0.20095    0.073453   1.3228     0.53346   -0.63819    0.2213
  0.65761   -0.013956   2.2247     0.39442   -0.85451    0.4706
  1.1446    -0.51256  ]",FOOD
tahini,"[-0.99671    0.18219   -0.64864    1.1891     0.8774    -0.56266
  1.2896    -0.024916  -0.47923    0.90174    0.66146    0.36899
  0.36331   -0.076084  -0.3726    -0.05472    0.075004   0.72521
  1.2154     0.46722    0.32908   -0.0025371  1.5486     0.34525
 -0.54681    1.4353     0.72297    0.48482    1.1032     0.025705
  0.30786    0.62026   -0.14848    1.0914     0.037869   1.2475
 -1.2369     0.48907    0.060193  -0.40947    1.152     -0.10854
 -0.8914    -1.4638     0.50804    0.34185    0.50376    0.029603
  0.053818  -0.29602  ]",FOOD
table,"[-0.36661   1.0584   -0.65378   0.17674   1.0605   -0.72541  -0.009721
  0.07969  -0.4649   -0.74347  -0.64147  -0.16837  -0.48926   0.56673
  0.73102   0.18387   0.34366  -0.19158   0.066052 -1.3434    0.50813
 -0.21998   0.46182   0.65796  -0.19109  -0.6428   -0.14994   0.74716
 -0.23347  -0.16557   2.8593    0.60577  -0.63465   0.45448   0.14856
  0.53445   0.27442   1.0104    0.079507 -0.44915   0.46796  -0.49001
 -0.20323   0.65496   0.16845   0.50674   0.62557   0.071343  0.61898
 -0.99744 ]",AMBIENCE
plate,"[-0.63773   0.83063  -0.26741   0.92461   0.47251   0.29511  -0.31165
  0.49289  -0.10176  -0.66635   0.20884   0.33366   0.51571   0.97914
 -0.15615  -0.51083  -0.11238  -0.24715  -0.68595  -1.3808   -0.0767
 -1.3366    0.37579  -0.13996   0.31216  -0.66554   0.29805   1.2569
  0.94895  -1.1671    2.1986   -0.039899  0.057112  0.63481  -0.58989
  0.48842   0.10233   1.0525    0.44279   0.17923   0.53623   0.16626
 -0.16491   0.31953  -0.61487  -0.15407   0.57715  -0.30956   0.10163
 -0.66864 ]",FOOD
portion,"[ 0.53791   0.62463   0.10798   0.2375    0.19825   0.4536   -0.2291
  0.33695   0.98573  -0.56517  -0.36199  -0.62971   0.89302  -0.53004
 -0.50762   0.37774   0.19577   0.15567  -0.12763   0.1399    0.52947
 -0.97837  -0.044011  0.39873  -0.46362  -1.0677   -0.37463   0.78482
  0.40991  -0.55551   2.8812   -0.54851   0.5865    0.14884   0.11156
 -0.10421  -0.17983   0.34103   0.06166  -0.25501  -0.028762 -0.19905
  0.021794  0.35428  -1.6193   -0.029217  0.099106 -0.044154 -0.40316
 -0.21815 ]",LOCATION
husband,"[ 0.3966     0.59821    0.11068   -0.45436    1.2759     1.6052
 -1.0662     0.1954    -0.60738    0.0081428 -0.07934    0.37204
 -0.25451   -0.45528    1.2382     0.054297  -0.66169    0.0635
  0.30669    0.37075    0.12926    1.7751    -0.06796   -0.26431
  0.85356   -1.9176     0.074934  -0.3235     0.38055    0.02172
  1.6803     0.14786   -0.15987   -0.087453   0.25015    0.030113
 -0.12493    0.30738    0.69666   -0.40256   -0.16874    0.88117
 -0.15934   -0.33762   -0.13911   -0.97545   -0.88182   -1.4575
  0.29831    0.23416  ]",SERVICE
cost,"[ 8.9000e-01  2.2248e-03  1.0093e+00 -5.5798e-01 -2.8476e-01  3.0152e-01
 -1.5118e-01 -7.6853e-01  4.4135e-01  2.2737e-01 -4.5814e-01 -1.9772e-01
  1.0353e-01 -8.9961e-01  1.0729e+00  1.0177e-01  1.5114e-01  5.9041e-01
 -3.5506e-01 -8.7802e-01  7.8812e-01 -8.5243e-01 -7.4337e-01 -7.1190e-01
 -2.6325e-01 -1.1461e+00 -4.2493e-02 -2.8891e-01  6.5035e-01  4.5462e-01
  3.4999e+00  8.1029e-01  2.8177e-01  3.6095e-01  1.7220e-01  5.0072e-02
  2.8490e-01  6.1834e-01  3.5741e-01 -4.7174e-01 -4.5342e-02  5.4026e-02
  6.7601e-01  6.3232e-01 -6.3440e-01 -9.3767e-02 -1.9312e-01  7.1263e-01
 -1.5523e-01  6.1625e-01]",RESTAURANT
pity,"[-0.052489   0.30524   -0.33187   -0.43559    0.53415   -0.039749
  0.8418     0.8673    -0.47723    0.92324   -0.16921    0.47625
 -0.033875  -0.65405    0.58904   -0.069367   0.57457    0.27213
  0.096549  -0.0082123 -0.48946    1.129      0.45095    0.21953
  1.1547    -0.81546   -1.0225     0.346      0.80573   -0.27078
  0.53622    1.292     -0.099155   0.0029124 -0.73492    0.0068799
  0.12663   -0.54616    0.35026   -0.62489    0.60906   -0.032703
 -0.4537     0.42751   -0.27295    0.14467   -0.72801    0.055864
  0.58505    0.12513  ]",AMBIENCE
contact,"[ 0.66391   0.57138   0.019764  0.427     0.2381    0.086552 -0.42532
  0.4828    0.21486  -0.71015   0.70173   0.45035   0.16789   0.27565
  0.16198   0.46422  -0.74168  -0.84952   0.055707 -0.25098   0.029031
  0.78097   0.73322   0.65038   0.24298  -1.2368    0.57383  -0.37277
  0.58804   0.020214  2.6541    0.096423 -0.54564  -0.60966  -0.25546
 -0.14909  -0.23799  -0.23651   0.16118   0.52908   0.90116   0.3068
  0.64582   0.60057   0.62972  -0.29534   0.26915   0.094594 -0.026029
  0.18051 ]",SERVICE
floor,"[-0.020843   0.1869     0.30205   -0.35907    1.1413    -0.6611
 -0.25032   -0.05238    0.31642   -0.91659   -1.0451    -1.0255
 -0.2805     1.3164    -0.18206    0.018831  -0.19055   -0.43352
 -0.3004    -1.5915     0.72232    0.084974  -0.60746   -0.58831
 -0.21036   -0.87684   -0.17051    1.2339     0.044178  -0.60595
  2.7177    -0.34931    0.12123   -0.29047   -0.37738    0.46879
  0.882      0.71832    0.93529   -0.073854  -0.48241    0.0044345
 -0.20666    0.71507   -0.20381    0.39739    0.38149   -1.7077
  0.017426  -0.28213  ]",AMBIENCE
way,"[ 0.53662   -0.01189   -0.24985   -0.30536    0.33947   -0.10958
 -0.44209    0.0099388 -0.1815     0.26726   -0.4314     0.30656
 -0.68874    0.044483   0.11504    0.35505    0.72325   -0.2174
 -0.046881  -0.63777   -0.12445    0.45086   -0.10405    0.16283
  0.81381   -1.9463    -0.39676    0.29121    0.90593   -0.77543
  3.6326     0.49683   -0.50868   -0.40184    0.0088379 -0.23548
 -0.19416    0.43335   -0.17993   -0.15557   -0.34559    0.01032
  0.04439    0.33125   -0.15722    0.28526    0.14313   -0.23625
  0.063342   0.17774  ]",LOCATION
expectations,"[-0.64415   -0.066457   0.88683   -0.80058    0.62227   -0.53438
 -0.32214   -0.46111   -0.37154    0.77687    0.21452   -0.3256
 -0.72413   -0.82229    0.70452    0.91667   -0.23962   -0.87828
 -0.15486   -0.98024    0.51834   -0.090554  -0.0067241 -1.0712
  0.39328   -0.7561    -0.78608    0.28252    0.29687    1.1016
  2.6193     1.1946     1.1522    -0.44264    0.13981   -1.2064
 -0.43435    0.096044  -0.27066   -1.1241    -0.86977   -0.53042
 -0.051707  -0.074174   0.24581   -0.10917    0.26115    1.1735
  0.28361    0.066614 ]",AMBIENCE
something,"[ 0.39533   -0.0064782 -0.26112   -0.32292    0.96181    0.11242
 -0.30927    0.17085   -0.38948    0.77584   -0.31334    0.54971
 -0.4579     0.05835    1.0643     0.57949    0.74198    0.22064
  0.11507   -0.84422   -0.43365    0.52626    0.067037   0.16294
  1.1345    -2.0336    -1.211      0.69115    1.418     -0.80188
  3.0172     0.36111   -0.38275   -0.51099   -0.19531   -0.16375
 -0.024037   0.32332   -0.0070115 -0.49139   -0.28394    0.06881
 -0.11819    0.47825    0.16551    0.29805    0.010174   0.20346
 -0.13682    0.79782  ]",AMBIENCE
deal,"[ 0.9861     0.0081402  0.1231     0.63133    0.15519    0.47905
 -0.8996     0.13489   -0.28186    0.58409   -0.16958    0.48564
 -1.1777     0.034756   0.73776    0.60591    0.40445   -0.1424
  0.13955   -0.15309    0.54035    0.2915    -0.39186   -0.58381
 -0.63534   -1.6963     0.61766    0.15711    0.48242   -0.071974
  3.2834     0.34812   -0.87021    0.43029    0.016524  -0.77404
 -0.4283    -0.43571   -0.18992   -0.92242   -0.22549   -0.35571
  0.13432   -0.087153  -0.47645    0.32756   -0.51639    1.5823
 -0.66218    0.18174  ]",RESTAURANT
amount,"[ 0.42728   0.359     0.58117  -0.38637   0.64606   0.55008   0.5438
  0.091705  0.74538   1.0144    0.19015   0.075923  0.93661  -1.0905
  1.1815    0.10659   0.6086    0.12313  -0.30979  -0.95343   0.70141
 -0.98911   0.79058  -0.88949  -0.30146  -1.2473   -0.39267   0.37167
  0.81953   0.32513   3.3785    0.26033   0.42371  -0.37986  -0.015874
  0.17326   0.12498   0.35589   0.58902  -0.30885   0.15257   0.18703
  0.2448    0.6097   -0.93977  -0.8384   -0.38606   1.0611   -0.034687
  0.13568 ]",FOOD
rule,"[-0.66363   -0.64151   -0.4977    -0.23455   -0.29071    0.074016
  0.69276    0.033831  -0.85544    0.0099449  0.14174    0.10607
 -0.61069   -0.19831    0.47243    0.69107   -0.16552   -0.84442
  0.44601    0.48243   -0.39678   -0.35128   -0.56904   -0.36713
 -0.27192   -2.2157    -0.36563   -0.75771    0.38559    0.73749
  2.9505    -0.46838   -1.331      0.17992   -0.1094    -0.20298
  0.25292   -0.26998   -0.83147    0.28015   -0.89313    0.24354
  0.1725     0.94529   -1.1157     0.18465   -0.37275   -0.19556
 -0.31604   -0.86618  ]",RESTAURANT
plates,"[-0.45086    0.61795    0.017877   0.15531    0.37618    1.0361
 -0.1346     0.15506   -0.17538   -1.4075     0.14778   -0.14127
  1.1429     1.2124    -0.079799   0.0066033 -0.57527   -0.07603
 -0.13267   -1.7231     0.87628   -1.453      0.44983   -0.090502
  0.10203   -0.50853   -0.89525    0.89553    1.0366    -0.84247
  1.7112    -0.29096    0.043877   0.23045    0.040758   0.91688
 -0.039004   0.73613    0.0022582  0.91948    0.26135    0.34125
  0.63244   -0.038269  -0.074162   0.10098    0.32551   -0.10454
 -0.21442   -1.2501   ]",FOOD
lot,"[ 0.063865  0.23044   0.10554  -0.25894   0.45581  -0.33838  -0.54958
  0.083539 -0.40952   0.35473  -0.61879   0.14239  -0.78119  -0.58862
  0.78117   0.21837   0.7326    0.55933  -0.026952 -1.3232   -0.29847
  0.71706   0.17804   0.20045   0.82076  -1.3797   -0.71959   0.44457
  1.211    -0.89598   3.3664    1.132     0.50243  -0.48025   0.036885
  0.21402  -0.42327   0.44028   0.42689  -0.11713  -0.36714   0.23821
 -0.049586  0.84537   0.1666    0.12978  -0.064778  0.018768 -0.27923
  0.63889 ]",AMBIENCE
attention,"[-0.084238   0.53053    0.12816   -0.28886   -0.18125   -0.205
 -0.096976   0.070474   0.23336    0.14649   -0.55293   -0.022887
 -0.35714   -0.35338    0.61158   -0.21432   -0.024156  -0.49679
  0.044917  -0.55818    0.32167    0.56808    0.18367   -0.0069878
  0.7587    -1.6715    -0.61596   -0.35291    0.11358    0.53997
  2.8148     0.85088    0.12374   -1.0855    -0.49705    0.35443
 -0.43236   -0.181     -0.37668   -0.58063    0.28078    0.63339
 -0.046038  -0.091437   0.59663    0.066547   0.062638   0.5009
  0.23662    0.16071  ]",SERVICE
decor,"[-0.077644   0.4284    -1.2232    -0.15578    0.29547   -0.74984
 -0.34753   -1.3545    -0.44773    0.14255   -0.5139    -0.20012
  0.44881    0.3879     0.38169    0.52681   -0.64005    0.067917
  0.88824   -0.92895    0.3838     0.52944   -1.3204     0.26985
 -0.18284    0.63007   -1.3425     1.0433     0.76439    0.27434
  1.0123     0.069185   0.5786     0.352      0.29825    1.0177
  0.12408    0.55112   -0.43763   -0.22373    0.41992    0.43283
  0.43351    0.060394   0.0073771  0.95944    0.17374   -0.5611
  0.51484    0.081505 ]",AMBIENCE
bit,"[-0.19262   -0.62693   -0.29451   -0.44574    0.54574   -0.31501
  0.073026   0.27041   -0.70058    0.60709   -0.23099    0.22758
 -0.36042    0.037428   0.48609    0.69727    0.09273    0.21424
 -0.27121   -1.026     -0.50722    0.40714    0.4065     0.2364
  1.0658    -1.4499    -0.80528    1.3265     1.4429    -0.15547
  2.9849     0.24584    0.8337     0.09628   -0.051606  -0.16894
 -0.36574    0.43278    0.15299   -1.1835     0.0030157  0.27437
 -0.33839    0.64912    0.03096   -0.056193   0.86758   -0.055341
  0.17924    0.8726   ]",AMBIENCE
hygiene,"[-0.79153  -0.2445   -1.5833   -0.80733  -0.89112  -0.11771   0.32171
 -1.431     1.6307   -0.66294   0.78615   0.22757   0.78591  -1.0714
 -0.085193  0.35498  -1.0007    0.11955   0.83223  -0.38578   0.04857
  0.92935  -0.012737 -0.68256   0.24451  -0.27141  -0.38067   0.12293
  0.46449   0.74479   1.7027    1.0295   -0.072989 -0.97952  -0.51707
  1.2326    0.69216   0.48242   1.1054    0.73074   0.017431 -0.34922
  1.0847    0.83679   1.1403    0.61241  -0.13243   0.48826   1.1529
  0.13924 ]",SERVICE
falafel,"[-0.025845 -0.92187  -0.35231  -0.01365   1.6156   -0.45241   0.093784
 -0.2736   -0.14188   0.48609  -1.0625   -0.25125   0.32093   0.4164
 -0.62826   0.19854   0.72964   0.74377   0.85125   0.17826   0.97653
  0.22849  -0.52536   1.225    -0.10384   0.60654   0.22851   0.61919
  1.0523   -0.38836   0.029562 -0.17154   0.086184  1.943     0.38172
  0.36469  -0.11342   0.23765  -0.64302   0.1005    0.56536  -0.37147
 -0.68082   0.48849   0.7604    0.79997  -0.49763   0.24633   0.83059
 -0.32959 ]",FOOD
shawarma,"[-0.42554   -0.4689    -1.1065    -0.34625    0.84919   -0.037653
  0.17001   -0.57956   -0.0039123  0.13878   -0.52692   -0.065762
  1.0374     0.24817   -0.29511   -0.052803   0.38135    0.63304
  0.376      0.55437    0.42024   -0.23708   -0.29513    1.2389
  0.21698    0.5885    -0.11818    0.61706    0.82774   -0.49375
 -0.6964    -0.040504   0.71921    1.2431    -0.046264   0.18104
 -0.013285  -0.15034   -1.1788     0.27492    0.39138   -0.14684
 -0.15716   -0.10278    1.2266     0.43326   -0.29943    0.13245
  0.52258    0.48873  ]",FOOD
experience,"[ 0.35663    0.61973   -0.71631    0.20023    0.2629     0.022202
 -0.25861    0.26357    0.2839     0.41427    0.040724   0.13203
 -0.29023   -0.20172    0.33643   -0.29397    0.0095604  0.56228
 -0.11364   -0.44548   -0.28563    1.0147    -0.21767    0.056146
  0.96655   -1.0414    -0.98358   -0.59189    0.60383    0.56588
  3.1509     0.86628    0.17036   -1.3524     0.080502   0.51724
 -0.6192     0.65536   -0.063525  -0.46372   -0.3681    -0.10436
 -0.087543   0.65907   -0.11919    0.10949    0.41743    0.29235
 -0.37246    0.76543  ]",AMBIENCE
care,"[ 0.68353   0.22095  -0.056607 -0.97564   0.021986  0.83748  -0.68084
 -0.32343   1.2331   -0.2715   -0.27033   0.10855   0.391    -0.33831
  0.078469  0.078807 -0.34752   0.16324   1.281    -0.18929  -0.10121
  0.813    -0.567    -0.091478 -0.068022 -1.4918   -0.34183  -0.74081
  0.30182   0.151     3.3446    1.2234   -0.17981  -0.52359  -0.17783
  0.26673   0.21092   0.37758   1.4058   -0.67737  -0.49647  -0.2898
  0.42994   0.97378   0.27325   0.30263  -0.62122   0.17708   0.10696
  1.4949  ]",SERVICE
let,"[ 0.067025  -0.010427   0.61778   -0.29952    0.68244   -0.53138
 -0.0049878  0.67877   -0.3801     0.1606    -0.054663   0.85439
 -0.48949    0.091105   0.79834    0.83093    0.79013   -0.31992
  0.27924   -1.1659    -0.0048596  0.20945    0.5982     0.59395
  0.50349   -1.8205    -0.31137   -0.073957   1.0215    -1.0536
  2.9803     0.83399   -1.1412     0.15333   -0.49095   -0.28432
  0.21243   -0.37621    0.46302   -0.32079    0.18216    0.20559
 -0.051854   0.38381    0.062563   0.20926    0.21338   -0.42741
 -0.19243    0.42443  ]",SERVICE
place,"[ 0.31501   0.56659  -0.60372   0.25178   0.83388  -0.41066  -0.43942
  0.47005  -0.18302  -0.59004  -0.34368  -0.47128  -0.53103  -0.1374
  0.59852   0.19232   0.62629  -0.33028  -0.9268   -0.32578   0.17046
 -0.2916    0.086514  0.6519   -0.12978  -1.21     -0.24728   0.16979
  0.54571  -0.32007   3.3198    0.34535  -0.72169  -0.28588   0.11319
  0.1789    0.33455   0.86765  -0.075587 -0.36334  -0.098511 -0.43997
 -0.058674 -0.12686  -0.19925   0.71719   0.10559  -0.65819   0.49954
 -0.31123 ]",RESTAURANT
star,"[-0.21025   1.6081    0.037375  1.0411    0.61061   0.064748 -0.93674
 -0.030028 -0.18348   0.73875   0.65025   0.75496  -0.73316   0.95964
  0.89172  -0.10495   0.11496   0.30448  -1.4942   -0.036297 -0.95949
  0.41062  -0.23896   0.40387  -0.32893  -1.5343   -0.45627   0.109
 -0.41474  -0.57094   2.1997    0.47089   0.56732  -0.16914   0.43481
  0.40459  -0.007678 -0.22073  -0.33289  -1.0992    0.33632   1.3412
 -0.34081  -0.50183  -0.2514   -0.10199   0.19292  -0.48934  -0.41793
  0.18085 ]",SERVICE
meal,"[ 5.1920e-01 -7.4961e-03 -1.5098e+00 -6.8909e-01  1.7196e+00 -2.6069e-01
 -6.7382e-01  1.3031e-03  8.0190e-01  5.3301e-01 -4.6390e-01 -1.4867e-01
  1.5909e+00  2.0134e-01  1.2569e+00  1.4194e-01 -2.0951e-01  1.1942e-01
  4.5642e-02 -6.3511e-01  9.5601e-01 -3.5733e-01  6.0698e-01  4.7728e-01
  6.9038e-02  1.9549e-02 -6.1712e-02  2.5443e-01  1.4404e+00  3.2939e-01
  2.2820e+00  6.8817e-01 -7.5400e-01  1.7697e+00  6.5271e-01  5.5720e-01
  3.5117e-01  1.1747e+00  2.8383e-01  3.9339e-01  8.8408e-02  1.4433e-01
 -1.0015e+00  6.6182e-01  9.1968e-01  2.6328e-01  5.5248e-02  8.9681e-02
  1.5393e-01  7.8520e-01]",FOOD
